IP Address,Port,Code,Country,Anonymity,Google,Https,Last Checked
154.0.12.163,80,ZA,South Africa,elite proxy,yes,no,14 secs ago
143.110.232.177,80,US,United States,anonymous,yes,no,14 secs ago
43.153.5.215,8080,US,United States,anonymous,yes,yes,14 secs ago
157.10.52.230,60009,VN,Vietnam,anonymous,no,yes,1 min ago
103.27.111.156,1080,HK,Hong Kong,elite proxy,no,yes,1 min ago
20.27.86.185,8080,JP,Japan,anonymous,no,yes,1 min ago
168.138.55.69,3128,JP,Japan,anonymous,no,yes,1 min ago
47.74.226.8,5001,SG,Singapore,anonymous,no,yes,1 min ago
171.228.148.165,26639,VN,Vietnam,elite proxy,no,yes,1 min ago
157.66.16.44,8080,ID,Indonesia,anonymous,no,yes,1 min ago
23.82.137.162,80,US,United States,anonymous,,no,1 min ago
47.252.29.28,11222,US,United States,elite proxy,no,yes,1 min ago
78.28.152.113,80,BA,Bosnia and Herzegovina,elite proxy,yes,no,1 min ago
8.215.108.194,7777,ID,Indonesia,elite proxy,no,yes,1 min ago
219.65.73.81,80,IN,India,anonymous,no,no,1 min ago
18.223.25.15,80,US,United States,elite proxy,no,yes,1 min ago
160.22.193.142,8080,ID,Indonesia,anonymous,,no,1 min ago
13.36.104.85,80,FR,France,elite proxy,no,yes,1 min ago
13.37.73.214,80,FR,France,elite proxy,no,yes,1 min ago
138.68.235.51,80,US,United States,elite proxy,yes,no,1 min ago
5.161.81.198,8080,US,United States,anonymous,,no,1 min ago
44.218.183.55,80,US,United States,elite proxy,no,yes,1 min ago
44.195.247.145,80,US,United States,elite proxy,no,yes,1 min ago
41.74.91.244,80,GH,Ghana,elite proxy,,no,1 min ago
50.169.37.50,80,US,United States,anonymous,no,no,1 min ago
165.232.129.150,80,US,United States,anonymous,no,no,1 min ago
37.187.25.85,80,FR,France,elite proxy,no,yes,1 min ago
13.56.192.187,80,US,United States,elite proxy,no,yes,1 min ago
23.247.136.248,80,US,United States,anonymous,no,no,1 min ago
23.247.136.254,80,US,United States,anonymous,no,no,1 min ago
103.152.112.157,80,US,United States,anonymous,yes,no,1 min ago
200.174.198.86,8888,BR,Brazil,anonymous,,no,1 min ago
13.208.56.180,80,JP,Japan,elite proxy,no,yes,1 min ago
3.126.147.182,80,DE,Germany,elite proxy,no,yes,1 min ago
35.72.118.126,80,JP,Japan,elite proxy,no,yes,1 min ago
43.202.154.212,80,KR,South Korea,elite proxy,no,yes,1 min ago
3.37.125.76,3128,KR,South Korea,elite proxy,no,yes,1 min ago
35.76.62.196,80,JP,Japan,elite proxy,no,yes,1 min ago
18.185.169.150,3128,DE,Germany,elite proxy,no,yes,1 min ago
3.123.150.192,80,DE,Germany,elite proxy,no,yes,1 min ago
3.139.242.184,80,US,United States,elite proxy,no,yes,1 min ago
43.200.77.128,3128,KR,South Korea,elite proxy,no,yes,1 min ago
43.201.121.81,80,KR,South Korea,elite proxy,no,yes,1 min ago
52.67.10.183,80,BR,Brazil,elite proxy,no,yes,1 min ago
202.6.233.133,80,ID,Indonesia,elite proxy,yes,no,1 min ago
3.129.184.210,80,US,United States,elite proxy,no,yes,1 min ago
3.130.65.162,3128,US,United States,elite proxy,no,yes,1 min ago
51.16.199.206,3128,IL,Israel,elite proxy,no,yes,1 min ago
35.156.66.34,10,DE,Germany,elite proxy,no,yes,1 min ago
13.246.209.48,1080,ZA,South Africa,elite proxy,no,yes,1 min ago
52.63.129.110,3128,AU,Australia,elite proxy,no,yes,1 min ago
54.179.39.14,3128,SG,Singapore,elite proxy,no,yes,1 min ago
13.246.184.110,3128,ZA,South Africa,elite proxy,no,yes,1 min ago
51.17.58.162,3128,IL,Israel,elite proxy,no,yes,1 min ago
13.213.114.238,3128,SG,Singapore,elite proxy,no,yes,1 min ago
3.97.167.115,3128,CA,Canada,elite proxy,no,yes,1 min ago
51.16.179.113,1080,IL,Israel,elite proxy,no,yes,1 min ago
63.32.1.88,3128,IE,Ireland,elite proxy,no,yes,1 min ago
123.30.154.171,7777,VN,Vietnam,anonymous,no,no,1 min ago
23.94.136.205,80,US,United States,anonymous,no,no,1 min ago
3.212.148.199,3128,US,United States,elite proxy,no,yes,1 min ago
39.109.113.97,4090,HK,Hong Kong,anonymous,no,no,1 min ago
3.141.217.225,80,US,United States,elite proxy,no,yes,1 min ago
13.59.156.167,3128,US,United States,elite proxy,no,yes,1 min ago
203.115.101.53,82,IN,India,elite proxy,yes,no,1 min ago
158.255.77.169,80,AE,United Arab Emirates,anonymous,no,no,1 min ago
203.77.215.45,10000,ID,Indonesia,elite proxy,,no,1 min ago
47.243.114.192,8180,HK,Hong Kong,anonymous,no,no,1 min ago
154.236.177.101,1976,EG,Egypt,elite proxy,,no,1 min ago
54.248.238.110,80,JP,Japan,elite proxy,no,yes,1 min ago
51.254.78.223,80,FR,France,anonymous,no,no,1 min ago
82.180.132.69,80,US,United States,elite proxy,no,no,1 min ago
79.174.12.190,80,RU,Russian Federation,elite proxy,no,no,1 min ago
143.198.226.25,80,US,United States,elite proxy,no,no,1 min ago
159.65.245.255,80,US,United States,elite proxy,no,no,1 min ago
103.68.84.42,8889,VN,Vietnam,anonymous,no,no,1 min ago
204.236.137.68,80,US,United States,elite proxy,no,yes,1 min ago
5.45.126.128,8080,EE,Estonia,anonymous,no,no,1 min ago
41.59.90.171,80,TZ,Tanzania,anonymous,no,no,1 min ago
44.219.175.186,80,US,United States,elite proxy,no,yes,1 min ago
94.249.219.101,49200,DE,Germany,elite proxy,no,no,1 min ago
98.80.66.1,10018,US,United States,elite proxy,no,yes,1 min ago
192.73.244.36,80,US,United States,elite proxy,no,no,1 min ago
222.252.194.204,8080,VN,Vietnam,elite proxy,no,yes,1 min ago